timestamp,src_mac,dst_mac,in_port,out_port,packet_count,byte_count
1784202776.537206,1e:de:87:fc:f1:c1,be:6f:ba:73:55:a0,2,1,1,42
1784202776.5685105,be:6f:ba:73:55:a0,1e:de:87:fc:f1:c1,1,2,1,42
1784202776.5713325,1e:de:87:fc:f1:c1,be:6f:ba:73:55:a0,2,1,2,84
1784202777.68386,be:6f:ba:73:55:a0,1e:de:87:fc:f1:c1,1,2,2,96
1784202777.6846812,1e:de:87:fc:f1:c1,be:6f:ba:73:55:a0,2,1,3,138
1784202779.1015778,be:6f:ba:73:55:a0,1e:de:87:fc:f1:c1,1,2,3,150
1784202779.1034887,1e:de:87:fc:f1:c1,be:6f:ba:73:55:a0,2,1,4,192
1784202781.032236,be:6f:ba:73:55:a0,1e:de:87:fc:f1:c1,1,2,4,204
1784202781.0335817,1e:de:87:fc:f1:c1,be:6f:ba:73:55:a0,2,1,5,246
1784202781.647383,1e:de:87:fc:f1:c1,be:6f:ba:73:55:a0,2,1,6,288
1784202781.6485908,be:6f:ba:73:55:a0,1e:de:87:fc:f1:c1,1,2,5,246
1784202794.9350557,be:6f:ba:73:55:a0,1e:de:87:fc:f1:c1,1,2,6,300
1784202794.9368806,1e:de:87:fc:f1:c1,be:6f:ba:73:55:a0,2,1,7,342
1784202802.6678264,1e:de:87:fc:f1:c1,2e:6a:d8:c7:e8:5e,2,3,1,42
1784202802.6892066,2e:6a:d8:c7:e8:5e,1e:de:87:fc:f1:c1,3,2,1,54
1784202802.6902587,1e:de:87:fc:f1:c1,2e:6a:d8:c7:e8:5e,2,3,2,96
1784202802.742855,2e:6a:d8:c7:e8:5e,1e:de:87:fc:f1:c1,3,2,2,108
1784202802.7448652,1e:de:87:fc:f1:c1,2e:6a:d8:c7:e8:5e,2,3,3,150
1784202802.7984524,2e:6a:d8:c7:e8:5e,1e:de:87:fc:f1:c1,3,2,3,162
1784202802.7995887,1e:de:87:fc:f1:c1,2e:6a:d8:c7:e8:5e,2,3,4,204
1784202802.833332,2e:6a:d8:c7:e8:5e,1e:de:87:fc:f1:c1,3,2,4,216
1784202802.8345149,1e:de:87:fc:f1:c1,2e:6a:d8:c7:e8:5e,2,3,5,258
1784202802.8822706,2e:6a:d8:c7:e8:5e,1e:de:87:fc:f1:c1,3,2,5,270
1784202802.883929,1e:de:87:fc:f1:c1,2e:6a:d8:c7:e8:5e,2,3,6,312
1784202802.9259758,2e:6a:d8:c7:e8:5e,1e:de:87:fc:f1:c1,3,2,6,324
1784202802.927301,1e:de:87:fc:f1:c1,2e:6a:d8:c7:e8:5e,2,3,7,366
1784202802.982239,2e:6a:d8:c7:e8:5e,1e:de:87:fc:f1:c1,3,2,7,378
1784202802.9835658,1e:de:87:fc:f1:c1,2e:6a:d8:c7:e8:5e,2,3,8,420
1784202803.0348163,2e:6a:d8:c7:e8:5e,1e:de:87:fc:f1:c1,3,2,8,432
1784202803.0367496,1e:de:87:fc:f1:c1,2e:6a:d8:c7:e8:5e,2,3,9,474
1784202803.0960677,2e:6a:d8:c7:e8:5e,1e:de:87:fc:f1:c1,3,2,9,486
1784202803.0982995,1e:de:87:fc:f1:c1,2e:6a:d8:c7:e8:5e,2,3,10,528
1784202803.1381521,2e:6a:d8:c7:e8:5e,1e:de:87:fc:f1:c1,3,2,10,540
1784202803.1394997,1e:de:87:fc:f1:c1,2e:6a:d8:c7:e8:5e,2,3,11,582
1784202803.1907954,2e:6a:d8:c7:e8:5e,1e:de:87:fc:f1:c1,3,2,11,594
1784202803.1918285,1e:de:87:fc:f1:c1,2e:6a:d8:c7:e8:5e,2,3,12,636
1784202803.233424,2e:6a:d8:c7:e8:5e,1e:de:87:fc:f1:c1,3,2,12,648
1784202803.2341833,1e:de:87:fc:f1:c1,2e:6a:d8:c7:e8:5e,2,3,13,690
1784202803.2735934,2e:6a:d8:c7:e8:5e,1e:de:87:fc:f1:c1,3,2,13,702
1784202803.2744756,1e:de:87:fc:f1:c1,2e:6a:d8:c7:e8:5e,2,3,14,744
1784202803.3306532,2e:6a:d8:c7:e8:5e,1e:de:87:fc:f1:c1,3,2,14,756
1784202803.3331683,1e:de:87:fc:f1:c1,2e:6a:d8:c7:e8:5e,2,3,15,798
1784202803.3856018,2e:6a:d8:c7:e8:5e,1e:de:87:fc:f1:c1,3,2,15,810
1784202803.3873188,1e:de:87:fc:f1:c1,2e:6a:d8:c7:e8:5e,2,3,16,852
1784202803.4412506,2e:6a:d8:c7:e8:5e,1e:de:87:fc:f1:c1,3,2,16,864
1784202803.4421442,1e:de:87:fc:f1:c1,2e:6a:d8:c7:e8:5e,2,3,17,906
1784202803.5189753,2e:6a:d8:c7:e8:5e,1e:de:87:fc:f1:c1,3,2,17,918
1784202803.5212083,1e:de:87:fc:f1:c1,2e:6a:d8:c7:e8:5e,2,3,18,960
1784202803.5919304,2e:6a:d8:c7:e8:5e,1e:de:87:fc:f1:c1,3,2,18,972
1784202803.5937536,1e:de:87:fc:f1:c1,2e:6a:d8:c7:e8:5e,2,3,19,1014
1784202803.635245,2e:6a:d8:c7:e8:5e,1e:de:87:fc:f1:c1,3,2,19,1026
1784202803.6365676,1e:de:87:fc:f1:c1,2e:6a:d8:c7:e8:5e,2,3,20,1068
1784202803.6999187,2e:6a:d8:c7:e8:5e,1e:de:87:fc:f1:c1,3,2,20,1080
1784202803.7035508,1e:de:87:fc:f1:c1,2e:6a:d8:c7:e8:5e,2,3,21,1122
1784202803.766712,2e:6a:d8:c7:e8:5e,1e:de:87:fc:f1:c1,3,2,21,1134
1784202803.7683034,1e:de:87:fc:f1:c1,2e:6a:d8:c7:e8:5e,2,3,22,1176
1784202803.8192198,2e:6a:d8:c7:e8:5e,1e:de:87:fc:f1:c1,3,2,22,1188
1784202803.821558,1e:de:87:fc:f1:c1,2e:6a:d8:c7:e8:5e,2,3,23,1230
1784202803.8758872,2e:6a:d8:c7:e8:5e,1e:de:87:fc:f1:c1,3,2,23,1242
1784202803.8776703,1e:de:87:fc:f1:c1,2e:6a:d8:c7:e8:5e,2,3,24,1284
1784202803.9222693,2e:6a:d8:c7:e8:5e,1e:de:87:fc:f1:c1,3,2,24,1296
1784202803.9242258,1e:de:87:fc:f1:c1,2e:6a:d8:c7:e8:5e,2,3,25,1338
1784202803.9740927,2e:6a:d8:c7:e8:5e,1e:de:87:fc:f1:c1,3,2,25,1350
1784202803.9755425,1e:de:87:fc:f1:c1,2e:6a:d8:c7:e8:5e,2,3,26,1392
1784202804.0352519,2e:6a:d8:c7:e8:5e,1e:de:87:fc:f1:c1,3,2,26,1404
1784202804.0379572,1e:de:87:fc:f1:c1,2e:6a:d8:c7:e8:5e,2,3,27,1446
1784202804.0871606,2e:6a:d8:c7:e8:5e,1e:de:87:fc:f1:c1,3,2,27,1458
1784202804.0897114,1e:de:87:fc:f1:c1,2e:6a:d8:c7:e8:5e,2,3,28,1500
1784202804.1386888,2e:6a:d8:c7:e8:5e,1e:de:87:fc:f1:c1,3,2,28,1512
1784202804.140597,1e:de:87:fc:f1:c1,2e:6a:d8:c7:e8:5e,2,3,29,1554
1784202804.1940603,2e:6a:d8:c7:e8:5e,1e:de:87:fc:f1:c1,3,2,29,1566
1784202804.1954625,1e:de:87:fc:f1:c1,2e:6a:d8:c7:e8:5e,2,3,30,1608
1784202804.2506316,2e:6a:d8:c7:e8:5e,1e:de:87:fc:f1:c1,3,2,30,1620
1784202804.2523625,1e:de:87:fc:f1:c1,2e:6a:d8:c7:e8:5e,2,3,31,1662
1784202804.3297484,2e:6a:d8:c7:e8:5e,1e:de:87:fc:f1:c1,3,2,31,1674
1784202804.3311844,1e:de:87:fc:f1:c1,2e:6a:d8:c7:e8:5e,2,3,32,1716
1784202804.3656929,2e:6a:d8:c7:e8:5e,1e:de:87:fc:f1:c1,3,2,32,1728
1784202804.3666215,1e:de:87:fc:f1:c1,2e:6a:d8:c7:e8:5e,2,3,33,1770
1784202804.4135346,2e:6a:d8:c7:e8:5e,1e:de:87:fc:f1:c1,3,2,33,1782
1784202804.415041,1e:de:87:fc:f1:c1,2e:6a:d8:c7:e8:5e,2,3,34,1824
1784202804.461507,2e:6a:d8:c7:e8:5e,1e:de:87:fc:f1:c1,3,2,34,1836
1784202804.4631193,1e:de:87:fc:f1:c1,2e:6a:d8:c7:e8:5e,2,3,35,1878
1784202804.5309703,2e:6a:d8:c7:e8:5e,1e:de:87:fc:f1:c1,3,2,35,1890
1784202804.533584,1e:de:87:fc:f1:c1,2e:6a:d8:c7:e8:5e,2,3,36,1932
1784202804.5747843,2e:6a:d8:c7:e8:5e,1e:de:87:fc:f1:c1,3,2,36,1944
1784202804.5765634,1e:de:87:fc:f1:c1,2e:6a:d8:c7:e8:5e,2,3,37,1986
1784202804.6334922,2e:6a:d8:c7:e8:5e,1e:de:87:fc:f1:c1,3,2,37,1998
1784202804.6345575,1e:de:87:fc:f1:c1,2e:6a:d8:c7:e8:5e,2,3,38,2040
1784202804.7016773,2e:6a:d8:c7:e8:5e,1e:de:87:fc:f1:c1,3,2,38,2052
1784202804.702703,1e:de:87:fc:f1:c1,2e:6a:d8:c7:e8:5e,2,3,39,2094
1784202804.7732244,2e:6a:d8:c7:e8:5e,1e:de:87:fc:f1:c1,3,2,39,2106
1784202804.774708,1e:de:87:fc:f1:c1,2e:6a:d8:c7:e8:5e,2,3,40,2148
1784202804.8295662,2e:6a:d8:c7:e8:5e,1e:de:87:fc:f1:c1,3,2,40,2160
1784202804.8314269,1e:de:87:fc:f1:c1,2e:6a:d8:c7:e8:5e,2,3,41,2202
1784202804.885726,2e:6a:d8:c7:e8:5e,1e:de:87:fc:f1:c1,3,2,41,2214
1784202804.887333,1e:de:87:fc:f1:c1,2e:6a:d8:c7:e8:5e,2,3,42,2256
1784202804.9420576,2e:6a:d8:c7:e8:5e,1e:de:87:fc:f1:c1,3,2,42,2268
1784202804.9431155,1e:de:87:fc:f1:c1,2e:6a:d8:c7:e8:5e,2,3,43,2310
1784202804.9990952,2e:6a:d8:c7:e8:5e,1e:de:87:fc:f1:c1,3,2,43,2322
1784202805.0007372,1e:de:87:fc:f1:c1,2e:6a:d8:c7:e8:5e,2,3,44,2364
1784202805.0430725,2e:6a:d8:c7:e8:5e,1e:de:87:fc:f1:c1,3,2,44,2376
1784202805.0452523,1e:de:87:fc:f1:c1,2e:6a:d8:c7:e8:5e,2,3,45,2418
1784202805.0917845,2e:6a:d8:c7:e8:5e,1e:de:87:fc:f1:c1,3,2,45,2430
1784202805.0932374,1e:de:87:fc:f1:c1,2e:6a:d8:c7:e8:5e,2,3,46,2472
1784202805.1391091,2e:6a:d8:c7:e8:5e,1e:de:87:fc:f1:c1,3,2,46,2484
1784202805.1406686,1e:de:87:fc:f1:c1,2e:6a:d8:c7:e8:5e,2,3,47,2526
1784202805.1920738,2e:6a:d8:c7:e8:5e,1e:de:87:fc:f1:c1,3,2,47,2538
1784202805.1938014,1e:de:87:fc:f1:c1,2e:6a:d8:c7:e8:5e,2,3,48,2580
1784202805.2466471,2e:6a:d8:c7:e8:5e,1e:de:87:fc:f1:c1,3,2,48,2592
1784202805.2485306,1e:de:87:fc:f1:c1,2e:6a:d8:c7:e8:5e,2,3,49,2634
1784202805.298566,2e:6a:d8:c7:e8:5e,1e:de:87:fc:f1:c1,3,2,49,2646
1784202805.3001916,1e:de:87:fc:f1:c1,2e:6a:d8:c7:e8:5e,2,3,50,2688
1784202805.354984,2e:6a:d8:c7:e8:5e,1e:de:87:fc:f1:c1,3,2,50,2700
1784202805.3568614,1e:de:87:fc:f1:c1,2e:6a:d8:c7:e8:5e,2,3,51,2742
1784202805.405724,2e:6a:d8:c7:e8:5e,1e:de:87:fc:f1:c1,3,2,51,2754
1784202805.4072654,1e:de:87:fc:f1:c1,2e:6a:d8:c7:e8:5e,2,3,52,2796
1784202805.4579737,2e:6a:d8:c7:e8:5e,1e:de:87:fc:f1:c1,3,2,52,2808
1784202805.4590392,1e:de:87:fc:f1:c1,2e:6a:d8:c7:e8:5e,2,3,53,2850
1784202805.5178137,2e:6a:d8:c7:e8:5e,1e:de:87:fc:f1:c1,3,2,53,2862
1784202805.5191212,1e:de:87:fc:f1:c1,2e:6a:d8:c7:e8:5e,2,3,54,2904
1784202805.5708945,2e:6a:d8:c7:e8:5e,1e:de:87:fc:f1:c1,3,2,54,2916
1784202805.5728703,1e:de:87:fc:f1:c1,2e:6a:d8:c7:e8:5e,2,3,55,2958
1784202805.640603,2e:6a:d8:c7:e8:5e,1e:de:87:fc:f1:c1,3,2,55,2970
1784202805.6432168,1e:de:87:fc:f1:c1,2e:6a:d8:c7:e8:5e,2,3,56,3012
1784202805.6751928,2e:6a:d8:c7:e8:5e,1e:de:87:fc:f1:c1,3,2,56,3024
1784202805.6771774,1e:de:87:fc:f1:c1,2e:6a:d8:c7:e8:5e,2,3,57,3066
1784202805.7228785,2e:6a:d8:c7:e8:5e,1e:de:87:fc:f1:c1,3,2,57,3078
1784202805.7243915,1e:de:87:fc:f1:c1,2e:6a:d8:c7:e8:5e,2,3,58,3120
1784202805.7671459,2e:6a:d8:c7:e8:5e,1e:de:87:fc:f1:c1,3,2,58,3132
1784202805.7687116,1e:de:87:fc:f1:c1,2e:6a:d8:c7:e8:5e,2,3,59,3174
1784202805.8019807,2e:6a:d8:c7:e8:5e,1e:de:87:fc:f1:c1,3,2,59,3186
1784202805.8029048,1e:de:87:fc:f1:c1,2e:6a:d8:c7:e8:5e,2,3,60,3228
1784202805.867014,2e:6a:d8:c7:e8:5e,1e:de:87:fc:f1:c1,3,2,60,3240
1784202805.8687792,1e:de:87:fc:f1:c1,2e:6a:d8:c7:e8:5e,2,3,61,3282
1784202805.9226742,2e:6a:d8:c7:e8:5e,1e:de:87:fc:f1:c1,3,2,61,3294
1784202805.9246366,1e:de:87:fc:f1:c1,2e:6a:d8:c7:e8:5e,2,3,62,3336
1784202805.9696288,2e:6a:d8:c7:e8:5e,1e:de:87:fc:f1:c1,3,2,62,3348
1784202805.9707022,1e:de:87:fc:f1:c1,2e:6a:d8:c7:e8:5e,2,3,63,3390
1784202806.0139582,2e:6a:d8:c7:e8:5e,1e:de:87:fc:f1:c1,3,2,63,3402
1784202806.0150604,1e:de:87:fc:f1:c1,2e:6a:d8:c7:e8:5e,2,3,64,3444
1784202806.0532272,2e:6a:d8:c7:e8:5e,1e:de:87:fc:f1:c1,3,2,64,3456
1784202806.054226,1e:de:87:fc:f1:c1,2e:6a:d8:c7:e8:5e,2,3,65,3498
1784202806.1055102,2e:6a:d8:c7:e8:5e,1e:de:87:fc:f1:c1,3,2,65,3510
1784202806.1062982,1e:de:87:fc:f1:c1,2e:6a:d8:c7:e8:5e,2,3,66,3552
1784202806.1584475,2e:6a:d8:c7:e8:5e,1e:de:87:fc:f1:c1,3,2,66,3564
1784202806.1598904,1e:de:87:fc:f1:c1,2e:6a:d8:c7:e8:5e,2,3,67,3606
1784202806.206378,2e:6a:d8:c7:e8:5e,1e:de:87:fc:f1:c1,3,2,67,3618
1784202806.207941,1e:de:87:fc:f1:c1,2e:6a:d8:c7:e8:5e,2,3,68,3660
1784202806.2668276,2e:6a:d8:c7:e8:5e,1e:de:87:fc:f1:c1,3,2,68,3672
1784202806.2684336,1e:de:87:fc:f1:c1,2e:6a:d8:c7:e8:5e,2,3,69,3714
1784202806.31087,2e:6a:d8:c7:e8:5e,1e:de:87:fc:f1:c1,3,2,69,3726
1784202806.3131151,1e:de:87:fc:f1:c1,2e:6a:d8:c7:e8:5e,2,3,70,3768
1784202806.3693473,2e:6a:d8:c7:e8:5e,1e:de:87:fc:f1:c1,3,2,70,3780
1784202806.370322,1e:de:87:fc:f1:c1,2e:6a:d8:c7:e8:5e,2,3,71,3822
1784202806.4212565,2e:6a:d8:c7:e8:5e,1e:de:87:fc:f1:c1,3,2,71,3834
1784202806.422165,1e:de:87:fc:f1:c1,2e:6a:d8:c7:e8:5e,2,3,72,3876
1784202806.479392,2e:6a:d8:c7:e8:5e,1e:de:87:fc:f1:c1,3,2,72,3888
1784202806.4813657,1e:de:87:fc:f1:c1,2e:6a:d8:c7:e8:5e,2,3,73,3930
1784202806.523169,2e:6a:d8:c7:e8:5e,1e:de:87:fc:f1:c1,3,2,73,3942
1784202806.5253825,1e:de:87:fc:f1:c1,2e:6a:d8:c7:e8:5e,2,3,74,3984
1784202806.5763788,2e:6a:d8:c7:e8:5e,1e:de:87:fc:f1:c1,3,2,74,3996
1784202806.5783603,1e:de:87:fc:f1:c1,2e:6a:d8:c7:e8:5e,2,3,75,4038
1784202806.628341,2e:6a:d8:c7:e8:5e,1e:de:87:fc:f1:c1,3,2,75,4050
1784202806.6302166,1e:de:87:fc:f1:c1,2e:6a:d8:c7:e8:5e,2,3,76,4092
1784202806.6711843,2e:6a:d8:c7:e8:5e,1e:de:87:fc:f1:c1,3,2,76,4104
1784202806.6734076,1e:de:87:fc:f1:c1,2e:6a:d8:c7:e8:5e,2,3,77,4146
1784202806.7112467,2e:6a:d8:c7:e8:5e,1e:de:87:fc:f1:c1,3,2,77,4158
1784202806.7130961,1e:de:87:fc:f1:c1,2e:6a:d8:c7:e8:5e,2,3,78,4200
1784202806.7664616,2e:6a:d8:c7:e8:5e,1e:de:87:fc:f1:c1,3,2,78,4212
1784202806.768266,1e:de:87:fc:f1:c1,2e:6a:d8:c7:e8:5e,2,3,79,4254
1784202806.81585,2e:6a:d8:c7:e8:5e,1e:de:87:fc:f1:c1,3,2,79,4266
1784202806.8176603,1e:de:87:fc:f1:c1,2e:6a:d8:c7:e8:5e,2,3,80,4308
1784202806.8920538,2e:6a:d8:c7:e8:5e,1e:de:87:fc:f1:c1,3,2,80,4320
1784202806.8941138,1e:de:87:fc:f1:c1,2e:6a:d8:c7:e8:5e,2,3,81,4362
1784202806.9435914,2e:6a:d8:c7:e8:5e,1e:de:87:fc:f1:c1,3,2,81,4374
1784202806.9453416,1e:de:87:fc:f1:c1,2e:6a:d8:c7:e8:5e,2,3,82,4416
1784202806.9987924,2e:6a:d8:c7:e8:5e,1e:de:87:fc:f1:c1,3,2,82,4428
1784202807.0008385,1e:de:87:fc:f1:c1,2e:6a:d8:c7:e8:5e,2,3,83,4470
1784202807.0416868,2e:6a:d8:c7:e8:5e,1e:de:87:fc:f1:c1,3,2,83,4482
1784202807.0427756,1e:de:87:fc:f1:c1,2e:6a:d8:c7:e8:5e,2,3,84,4524
1784202807.0990393,2e:6a:d8:c7:e8:5e,1e:de:87:fc:f1:c1,3,2,84,4536
1784202807.1009812,1e:de:87:fc:f1:c1,2e:6a:d8:c7:e8:5e,2,3,85,4578
1784202807.1343122,2e:6a:d8:c7:e8:5e,1e:de:87:fc:f1:c1,3,2,85,4590
1784202807.1361158,1e:de:87:fc:f1:c1,2e:6a:d8:c7:e8:5e,2,3,86,4632
1784202807.19966,2e:6a:d8:c7:e8:5e,1e:de:87:fc:f1:c1,3,2,86,4644
1784202807.201896,1e:de:87:fc:f1:c1,2e:6a:d8:c7:e8:5e,2,3,87,4686
1784202807.2526195,2e:6a:d8:c7:e8:5e,1e:de:87:fc:f1:c1,3,2,87,4698
1784202807.2548869,1e:de:87:fc:f1:c1,2e:6a:d8:c7:e8:5e,2,3,88,4740
1784202807.299376,2e:6a:d8:c7:e8:5e,1e:de:87:fc:f1:c1,3,2,88,4752
1784202807.3014078,1e:de:87:fc:f1:c1,2e:6a:d8:c7:e8:5e,2,3,89,4794
1784202807.3501518,2e:6a:d8:c7:e8:5e,1e:de:87:fc:f1:c1,3,2,89,4806
1784202807.3511605,1e:de:87:fc:f1:c1,2e:6a:d8:c7:e8:5e,2,3,90,4848
1784202807.3972793,2e:6a:d8:c7:e8:5e,1e:de:87:fc:f1:c1,3,2,90,4860
1784202807.3985415,1e:de:87:fc:f1:c1,2e:6a:d8:c7:e8:5e,2,3,91,4902
1784202807.4499588,2e:6a:d8:c7:e8:5e,1e:de:87:fc:f1:c1,3,2,91,4914
1784202807.4514527,1e:de:87:fc:f1:c1,2e:6a:d8:c7:e8:5e,2,3,92,4956
1784202807.515161,2e:6a:d8:c7:e8:5e,1e:de:87:fc:f1:c1,3,2,92,4968
1784202807.5177078,1e:de:87:fc:f1:c1,2e:6a:d8:c7:e8:5e,2,3,93,5010
1784202807.5712726,2e:6a:d8:c7:e8:5e,1e:de:87:fc:f1:c1,3,2,93,5022
1784202807.5729332,1e:de:87:fc:f1:c1,2e:6a:d8:c7:e8:5e,2,3,94,5064
1784202807.6230865,2e:6a:d8:c7:e8:5e,1e:de:87:fc:f1:c1,3,2,94,5076
1784202807.6255767,1e:de:87:fc:f1:c1,2e:6a:d8:c7:e8:5e,2,3,95,5118
1784202807.666096,2e:6a:d8:c7:e8:5e,1e:de:87:fc:f1:c1,3,2,95,5130
1784202807.6668856,1e:de:87:fc:f1:c1,2e:6a:d8:c7:e8:5e,2,3,96,5172
1784202807.706716,2e:6a:d8:c7:e8:5e,1e:de:87:fc:f1:c1,3,2,96,5184
1784202807.707884,1e:de:87:fc:f1:c1,2e:6a:d8:c7:e8:5e,2,3,97,5226
1784202807.7740252,2e:6a:d8:c7:e8:5e,1e:de:87:fc:f1:c1,3,2,97,5238
1784202807.7747986,1e:de:87:fc:f1:c1,2e:6a:d8:c7:e8:5e,2,3,98,5280
1784202807.837762,2e:6a:d8:c7:e8:5e,1e:de:87:fc:f1:c1,3,2,98,5292
1784202807.8386946,1e:de:87:fc:f1:c1,2e:6a:d8:c7:e8:5e,2,3,99,5334
1784202807.88096,1e:de:87:fc:f1:c1,2e:6a:d8:c7:e8:5e,2,3,100,5376
1784202807.8821392,2e:6a:d8:c7:e8:5e,1e:de:87:fc:f1:c1,3,2,99,5334
1784202807.8982425,2e:6a:d8:c7:e8:5e,1e:de:87:fc:f1:c1,3,2,100,5388
1784202807.8991258,1e:de:87:fc:f1:c1,2e:6a:d8:c7:e8:5e,2,3,101,5430
1784202807.9344091,2e:6a:d8:c7:e8:5e,1e:de:87:fc:f1:c1,3,2,101,5442
1784202807.9366863,1e:de:87:fc:f1:c1,2e:6a:d8:c7:e8:5e,2,3,102,5484
1784202807.9983838,2e:6a:d8:c7:e8:5e,1e:de:87:fc:f1:c1,3,2,102,5496
1784202808.0010107,1e:de:87:fc:f1:c1,2e:6a:d8:c7:e8:5e,2,3,103,5538
1784202808.0589604,2e:6a:d8:c7:e8:5e,1e:de:87:fc:f1:c1,3,2,103,5550
1784202808.061429,1e:de:87:fc:f1:c1,2e:6a:d8:c7:e8:5e,2,3,104,5592
1784202808.12282,2e:6a:d8:c7:e8:5e,1e:de:87:fc:f1:c1,3,2,104,5604
1784202808.1251671,1e:de:87:fc:f1:c1,2e:6a:d8:c7:e8:5e,2,3,105,5646
1784202808.178252,2e:6a:d8:c7:e8:5e,1e:de:87:fc:f1:c1,3,2,105,5658
1784202808.1797729,1e:de:87:fc:f1:c1,2e:6a:d8:c7:e8:5e,2,3,106,5700
1784202808.2227879,2e:6a:d8:c7:e8:5e,1e:de:87:fc:f1:c1,3,2,106,5712
1784202808.2242138,1e:de:87:fc:f1:c1,2e:6a:d8:c7:e8:5e,2,3,107,5754
1784202808.2658062,2e:6a:d8:c7:e8:5e,1e:de:87:fc:f1:c1,3,2,107,5766
1784202808.266904,1e:de:87:fc:f1:c1,2e:6a:d8:c7:e8:5e,2,3,108,5808
1784202808.3374977,2e:6a:d8:c7:e8:5e,1e:de:87:fc:f1:c1,3,2,108,5820
1784202808.3388476,1e:de:87:fc:f1:c1,2e:6a:d8:c7:e8:5e,2,3,109,5862
1784202808.3932486,2e:6a:d8:c7:e8:5e,1e:de:87:fc:f1:c1,3,2,109,5874
1784202808.3944187,1e:de:87:fc:f1:c1,2e:6a:d8:c7:e8:5e,2,3,110,5916
1784202808.4521072,2e:6a:d8:c7:e8:5e,1e:de:87:fc:f1:c1,3,2,110,5928
1784202808.4532013,1e:de:87:fc:f1:c1,2e:6a:d8:c7:e8:5e,2,3,111,5970
1784202808.5021393,2e:6a:d8:c7:e8:5e,1e:de:87:fc:f1:c1,3,2,111,5982
1784202808.5043015,1e:de:87:fc:f1:c1,2e:6a:d8:c7:e8:5e,2,3,112,6024
1784202808.5627453,2e:6a:d8:c7:e8:5e,1e:de:87:fc:f1:c1,3,2,112,6036
1784202808.564342,1e:de:87:fc:f1:c1,2e:6a:d8:c7:e8:5e,2,3,113,6078
1784202808.5980453,2e:6a:d8:c7:e8:5e,1e:de:87:fc:f1:c1,3,2,113,6090
1784202808.5993948,1e:de:87:fc:f1:c1,2e:6a:d8:c7:e8:5e,2,3,114,6132
1784202808.6387544,2e:6a:d8:c7:e8:5e,1e:de:87:fc:f1:c1,3,2,114,6144
1784202808.640942,1e:de:87:fc:f1:c1,2e:6a:d8:c7:e8:5e,2,3,115,6186
1784202808.6802113,2e:6a:d8:c7:e8:5e,1e:de:87:fc:f1:c1,3,2,115,6198
1784202808.6821346,1e:de:87:fc:f1:c1,2e:6a:d8:c7:e8:5e,2,3,116,6240
1784202808.738599,2e:6a:d8:c7:e8:5e,1e:de:87:fc:f1:c1,3,2,116,6252
1784202808.7403069,1e:de:87:fc:f1:c1,2e:6a:d8:c7:e8:5e,2,3,117,6294
1784202808.7838218,2e:6a:d8:c7:e8:5e,1e:de:87:fc:f1:c1,3,2,117,6306
1784202808.7857656,1e:de:87:fc:f1:c1,2e:6a:d8:c7:e8:5e,2,3,118,6348
1784202808.831447,2e:6a:d8:c7:e8:5e,1e:de:87:fc:f1:c1,3,2,118,6360
1784202808.8329382,1e:de:87:fc:f1:c1,2e:6a:d8:c7:e8:5e,2,3,119,6402
1784202808.9110477,2e:6a:d8:c7:e8:5e,1e:de:87:fc:f1:c1,3,2,119,6414
1784202808.913411,1e:de:87:fc:f1:c1,2e:6a:d8:c7:e8:5e,2,3,120,6456
1784202808.9553318,2e:6a:d8:c7:e8:5e,1e:de:87:fc:f1:c1,3,2,120,6468
1784202808.9583979,1e:de:87:fc:f1:c1,2e:6a:d8:c7:e8:5e,2,3,121,6510
1784202808.9907572,2e:6a:d8:c7:e8:5e,1e:de:87:fc:f1:c1,3,2,121,6522
1784202808.9921327,1e:de:87:fc:f1:c1,2e:6a:d8:c7:e8:5e,2,3,122,6564
1784202809.034538,2e:6a:d8:c7:e8:5e,1e:de:87:fc:f1:c1,3,2,122,6576
1784202809.0371847,1e:de:87:fc:f1:c1,2e:6a:d8:c7:e8:5e,2,3,123,6618
1784202809.0783906,2e:6a:d8:c7:e8:5e,1e:de:87:fc:f1:c1,3,2,123,6630
1784202809.0804224,1e:de:87:fc:f1:c1,2e:6a:d8:c7:e8:5e,2,3,124,6672
1784202809.1223142,2e:6a:d8:c7:e8:5e,1e:de:87:fc:f1:c1,3,2,124,6684
1784202809.1241288,1e:de:87:fc:f1:c1,2e:6a:d8:c7:e8:5e,2,3,125,6726
1784202809.1829486,2e:6a:d8:c7:e8:5e,1e:de:87:fc:f1:c1,3,2,125,6738
1784202809.185045,1e:de:87:fc:f1:c1,2e:6a:d8:c7:e8:5e,2,3,126,6780
1784202809.2493553,2e:6a:d8:c7:e8:5e,1e:de:87:fc:f1:c1,3,2,126,6792
1784202809.2502205,1e:de:87:fc:f1:c1,2e:6a:d8:c7:e8:5e,2,3,127,6834
1784202809.306397,2e:6a:d8:c7:e8:5e,1e:de:87:fc:f1:c1,3,2,127,6846
1784202809.3082814,1e:de:87:fc:f1:c1,2e:6a:d8:c7:e8:5e,2,3,128,6888
1784202809.349859,2e:6a:d8:c7:e8:5e,1e:de:87:fc:f1:c1,3,2,128,6900
1784202809.3512506,1e:de:87:fc:f1:c1,2e:6a:d8:c7:e8:5e,2,3,129,6942
1784202809.4137657,2e:6a:d8:c7:e8:5e,1e:de:87:fc:f1:c1,3,2,129,6954
1784202809.4149544,1e:de:87:fc:f1:c1,2e:6a:d8:c7:e8:5e,2,3,130,6996
1784202809.4674954,2e:6a:d8:c7:e8:5e,1e:de:87:fc:f1:c1,3,2,130,7008
1784202809.4695609,1e:de:87:fc:f1:c1,2e:6a:d8:c7:e8:5e,2,3,131,7050
1784202809.5302765,2e:6a:d8:c7:e8:5e,1e:de:87:fc:f1:c1,3,2,131,7062
1784202809.5329769,1e:de:87:fc:f1:c1,2e:6a:d8:c7:e8:5e,2,3,132,7104
1784202809.5952294,2e:6a:d8:c7:e8:5e,1e:de:87:fc:f1:c1,3,2,132,7116
1784202809.597533,1e:de:87:fc:f1:c1,2e:6a:d8:c7:e8:5e,2,3,133,7158
1784202809.6474288,2e:6a:d8:c7:e8:5e,1e:de:87:fc:f1:c1,3,2,133,7170
1784202809.6495275,1e:de:87:fc:f1:c1,2e:6a:d8:c7:e8:5e,2,3,134,7212
1784202809.6909354,2e:6a:d8:c7:e8:5e,1e:de:87:fc:f1:c1,3,2,134,7224
1784202809.6929977,1e:de:87:fc:f1:c1,2e:6a:d8:c7:e8:5e,2,3,135,7266
1784202809.7473347,2e:6a:d8:c7:e8:5e,1e:de:87:fc:f1:c1,3,2,135,7278
1784202809.7501547,1e:de:87:fc:f1:c1,2e:6a:d8:c7:e8:5e,2,3,136,7320
1784202809.7919118,2e:6a:d8:c7:e8:5e,1e:de:87:fc:f1:c1,3,2,136,7332
1784202809.793779,1e:de:87:fc:f1:c1,2e:6a:d8:c7:e8:5e,2,3,137,7374
1784202809.8335345,2e:6a:d8:c7:e8:5e,1e:de:87:fc:f1:c1,3,2,137,7386
1784202809.8349292,1e:de:87:fc:f1:c1,2e:6a:d8:c7:e8:5e,2,3,138,7428
1784202809.8834705,2e:6a:d8:c7:e8:5e,1e:de:87:fc:f1:c1,3,2,138,7440
1784202809.8853693,1e:de:87:fc:f1:c1,2e:6a:d8:c7:e8:5e,2,3,139,7482
1784202809.950943,2e:6a:d8:c7:e8:5e,1e:de:87:fc:f1:c1,3,2,139,7494
1784202809.9527514,1e:de:87:fc:f1:c1,2e:6a:d8:c7:e8:5e,2,3,140,7536
1784202810.0145748,2e:6a:d8:c7:e8:5e,1e:de:87:fc:f1:c1,3,2,140,7548
1784202810.0158567,1e:de:87:fc:f1:c1,2e:6a:d8:c7:e8:5e,2,3,141,7590
1784202810.0794735,2e:6a:d8:c7:e8:5e,1e:de:87:fc:f1:c1,3,2,141,7602
1784202810.081026,1e:de:87:fc:f1:c1,2e:6a:d8:c7:e8:5e,2,3,142,7644
1784202810.1398997,2e:6a:d8:c7:e8:5e,1e:de:87:fc:f1:c1,3,2,142,7656
1784202810.1422038,1e:de:87:fc:f1:c1,2e:6a:d8:c7:e8:5e,2,3,143,7698
1784202810.1865406,2e:6a:d8:c7:e8:5e,1e:de:87:fc:f1:c1,3,2,143,7710
1784202810.1885147,1e:de:87:fc:f1:c1,2e:6a:d8:c7:e8:5e,2,3,144,7752
1784202810.2356021,2e:6a:d8:c7:e8:5e,1e:de:87:fc:f1:c1,3,2,144,7764
1784202810.2376564,1e:de:87:fc:f1:c1,2e:6a:d8:c7:e8:5e,2,3,145,7806
1784202810.311742,2e:6a:d8:c7:e8:5e,1e:de:87:fc:f1:c1,3,2,145,7818
1784202810.31412,1e:de:87:fc:f1:c1,2e:6a:d8:c7:e8:5e,2,3,146,7860
1784202810.381301,2e:6a:d8:c7:e8:5e,1e:de:87:fc:f1:c1,3,2,146,7872
1784202810.382226,1e:de:87:fc:f1:c1,2e:6a:d8:c7:e8:5e,2,3,147,7914
1784202810.4350698,2e:6a:d8:c7:e8:5e,1e:de:87:fc:f1:c1,3,2,147,7926
1784202810.4367871,1e:de:87:fc:f1:c1,2e:6a:d8:c7:e8:5e,2,3,148,7968
1784202810.4758675,2e:6a:d8:c7:e8:5e,1e:de:87:fc:f1:c1,3,2,148,7980
1784202810.4774883,1e:de:87:fc:f1:c1,2e:6a:d8:c7:e8:5e,2,3,149,8022
1784202810.518789,2e:6a:d8:c7:e8:5e,1e:de:87:fc:f1:c1,3,2,149,8034
1784202810.5208256,1e:de:87:fc:f1:c1,2e:6a:d8:c7:e8:5e,2,3,150,8076
1784202810.570805,2e:6a:d8:c7:e8:5e,1e:de:87:fc:f1:c1,3,2,150,8088
1784202810.573254,1e:de:87:fc:f1:c1,2e:6a:d8:c7:e8:5e,2,3,151,8130
1784202810.6352625,2e:6a:d8:c7:e8:5e,1e:de:87:fc:f1:c1,3,2,151,8142
1784202810.6377084,1e:de:87:fc:f1:c1,2e:6a:d8:c7:e8:5e,2,3,152,8184
1784202810.6863656,2e:6a:d8:c7:e8:5e,1e:de:87:fc:f1:c1,3,2,152,8196
1784202810.6882186,1e:de:87:fc:f1:c1,2e:6a:d8:c7:e8:5e,2,3,153,8238
1784202810.739945,2e:6a:d8:c7:e8:5e,1e:de:87:fc:f1:c1,3,2,153,8250
1784202810.74242,1e:de:87:fc:f1:c1,2e:6a:d8:c7:e8:5e,2,3,154,8292
1784202810.8011365,2e:6a:d8:c7:e8:5e,1e:de:87:fc:f1:c1,3,2,154,8304
1784202810.8021278,1e:de:87:fc:f1:c1,2e:6a:d8:c7:e8:5e,2,3,155,8346
1784202810.837912,2e:6a:d8:c7:e8:5e,1e:de:87:fc:f1:c1,3,2,155,8358
1784202810.8395617,1e:de:87:fc:f1:c1,2e:6a:d8:c7:e8:5e,2,3,156,8400
1784202810.8742988,2e:6a:d8:c7:e8:5e,1e:de:87:fc:f1:c1,3,2,156,8412
1784202810.8760185,1e:de:87:fc:f1:c1,2e:6a:d8:c7:e8:5e,2,3,157,8454
1784202810.9296832,2e:6a:d8:c7:e8:5e,1e:de:87:fc:f1:c1,3,2,157,8466
1784202810.930896,1e:de:87:fc:f1:c1,2e:6a:d8:c7:e8:5e,2,3,158,8508
1784202810.9850698,2e:6a:d8:c7:e8:5e,1e:de:87:fc:f1:c1,3,2,158,8520
1784202810.985877,1e:de:87:fc:f1:c1,2e:6a:d8:c7:e8:5e,2,3,159,8562
1784202811.0333903,2e:6a:d8:c7:e8:5e,1e:de:87:fc:f1:c1,3,2,159,8574
1784202811.0345712,1e:de:87:fc:f1:c1,2e:6a:d8:c7:e8:5e,2,3,160,8616
1784202811.0908947,2e:6a:d8:c7:e8:5e,1e:de:87:fc:f1:c1,3,2,160,8628
1784202811.0929224,1e:de:87:fc:f1:c1,2e:6a:d8:c7:e8:5e,2,3,161,8670
1784202811.1348531,2e:6a:d8:c7:e8:5e,1e:de:87:fc:f1:c1,3,2,161,8682
1784202811.1363106,1e:de:87:fc:f1:c1,2e:6a:d8:c7:e8:5e,2,3,162,8724
1784202811.1824908,2e:6a:d8:c7:e8:5e,1e:de:87:fc:f1:c1,3,2,162,8736
1784202811.184506,1e:de:87:fc:f1:c1,2e:6a:d8:c7:e8:5e,2,3,163,8778
1784202811.2403164,2e:6a:d8:c7:e8:5e,1e:de:87:fc:f1:c1,3,2,163,8790
1784202811.242433,1e:de:87:fc:f1:c1,2e:6a:d8:c7:e8:5e,2,3,164,8832
1784202811.2812784,2e:6a:d8:c7:e8:5e,1e:de:87:fc:f1:c1,3,2,164,8844
1784202811.2822268,1e:de:87:fc:f1:c1,2e:6a:d8:c7:e8:5e,2,3,165,8886
1784202811.3384933,2e:6a:d8:c7:e8:5e,1e:de:87:fc:f1:c1,3,2,165,8898
1784202811.3400464,1e:de:87:fc:f1:c1,2e:6a:d8:c7:e8:5e,2,3,166,8940
1784202811.381329,2e:6a:d8:c7:e8:5e,1e:de:87:fc:f1:c1,3,2,166,8952
1784202811.3825717,1e:de:87:fc:f1:c1,2e:6a:d8:c7:e8:5e,2,3,167,8994
1784202811.433199,2e:6a:d8:c7:e8:5e,1e:de:87:fc:f1:c1,3,2,167,9006
1784202811.434088,1e:de:87:fc:f1:c1,2e:6a:d8:c7:e8:5e,2,3,168,9048
1784202811.4755642,2e:6a:d8:c7:e8:5e,1e:de:87:fc:f1:c1,3,2,168,9060
1784202811.4779108,1e:de:87:fc:f1:c1,2e:6a:d8:c7:e8:5e,2,3,169,9102
1784202811.5253065,2e:6a:d8:c7:e8:5e,1e:de:87:fc:f1:c1,3,2,169,9114
1784202811.5274687,1e:de:87:fc:f1:c1,2e:6a:d8:c7:e8:5e,2,3,170,9156
1784202811.5773094,2e:6a:d8:c7:e8:5e,1e:de:87:fc:f1:c1,3,2,170,9168
1784202811.578106,1e:de:87:fc:f1:c1,2e:6a:d8:c7:e8:5e,2,3,171,9210
1784202811.6298974,2e:6a:d8:c7:e8:5e,1e:de:87:fc:f1:c1,3,2,171,9222
1784202811.630875,1e:de:87:fc:f1:c1,2e:6a:d8:c7:e8:5e,2,3,172,9264
1784202811.6816537,2e:6a:d8:c7:e8:5e,1e:de:87:fc:f1:c1,3,2,172,9276
1784202811.683306,1e:de:87:fc:f1:c1,2e:6a:d8:c7:e8:5e,2,3,173,9318
1784202811.7214558,2e:6a:d8:c7:e8:5e,1e:de:87:fc:f1:c1,3,2,173,9330
1784202811.7230897,1e:de:87:fc:f1:c1,2e:6a:d8:c7:e8:5e,2,3,174,9372
1784202811.7732549,2e:6a:d8:c7:e8:5e,1e:de:87:fc:f1:c1,3,2,174,9384
1784202811.774559,1e:de:87:fc:f1:c1,2e:6a:d8:c7:e8:5e,2,3,175,9426
1784202811.8412278,2e:6a:d8:c7:e8:5e,1e:de:87:fc:f1:c1,3,2,175,9438
1784202811.842281,1e:de:87:fc:f1:c1,2e:6a:d8:c7:e8:5e,2,3,176,9480
1784202811.9056833,2e:6a:d8:c7:e8:5e,1e:de:87:fc:f1:c1,3,2,176,9492
1784202811.9072936,1e:de:87:fc:f1:c1,2e:6a:d8:c7:e8:5e,2,3,177,9534
1784202811.9491706,2e:6a:d8:c7:e8:5e,1e:de:87:fc:f1:c1,3,2,177,9546
1784202811.950366,1e:de:87:fc:f1:c1,2e:6a:d8:c7:e8:5e,2,3,178,9588
1784202812.0052738,2e:6a:d8:c7:e8:5e,1e:de:87:fc:f1:c1,3,2,178,9600
1784202812.0064473,1e:de:87:fc:f1:c1,2e:6a:d8:c7:e8:5e,2,3,179,9642
1784202812.0655975,2e:6a:d8:c7:e8:5e,1e:de:87:fc:f1:c1,3,2,179,9654
1784202812.0671813,1e:de:87:fc:f1:c1,2e:6a:d8:c7:e8:5e,2,3,180,9696
1784202812.1132462,2e:6a:d8:c7:e8:5e,1e:de:87:fc:f1:c1,3,2,180,9708
1784202812.1146958,1e:de:87:fc:f1:c1,2e:6a:d8:c7:e8:5e,2,3,181,9750
1784202812.1573925,2e:6a:d8:c7:e8:5e,1e:de:87:fc:f1:c1,3,2,181,9762
1784202812.1582198,1e:de:87:fc:f1:c1,2e:6a:d8:c7:e8:5e,2,3,182,9804
1784202812.2174501,2e:6a:d8:c7:e8:5e,1e:de:87:fc:f1:c1,3,2,182,9816
1784202812.2187138,1e:de:87:fc:f1:c1,2e:6a:d8:c7:e8:5e,2,3,183,9858
1784202812.2636654,2e:6a:d8:c7:e8:5e,1e:de:87:fc:f1:c1,3,2,183,9870
1784202812.2658215,1e:de:87:fc:f1:c1,2e:6a:d8:c7:e8:5e,2,3,184,9912
1784202812.301212,2e:6a:d8:c7:e8:5e,1e:de:87:fc:f1:c1,3,2,184,9924
1784202812.3024197,1e:de:87:fc:f1:c1,2e:6a:d8:c7:e8:5e,2,3,185,9966
1784202812.35337,2e:6a:d8:c7:e8:5e,1e:de:87:fc:f1:c1,3,2,185,9978
1784202812.35478,1e:de:87:fc:f1:c1,2e:6a:d8:c7:e8:5e,2,3,186,10020
1784202812.4106553,2e:6a:d8:c7:e8:5e,1e:de:87:fc:f1:c1,3,2,186,10032
1784202812.4124823,1e:de:87:fc:f1:c1,2e:6a:d8:c7:e8:5e,2,3,187,10074
1784202812.447322,2e:6a:d8:c7:e8:5e,1e:de:87:fc:f1:c1,3,2,187,10086
1784202812.4492946,1e:de:87:fc:f1:c1,2e:6a:d8:c7:e8:5e,2,3,188,10128
1784202812.485622,2e:6a:d8:c7:e8:5e,1e:de:87:fc:f1:c1,3,2,188,10140
1784202812.4870245,1e:de:87:fc:f1:c1,2e:6a:d8:c7:e8:5e,2,3,189,10182
1784202812.5350978,2e:6a:d8:c7:e8:5e,1e:de:87:fc:f1:c1,3,2,189,10194
1784202812.5375688,1e:de:87:fc:f1:c1,2e:6a:d8:c7:e8:5e,2,3,190,10236
1784202812.575966,2e:6a:d8:c7:e8:5e,1e:de:87:fc:f1:c1,3,2,190,10248
1784202812.5777042,1e:de:87:fc:f1:c1,2e:6a:d8:c7:e8:5e,2,3,191,10290
1784202812.6224456,2e:6a:d8:c7:e8:5e,1e:de:87:fc:f1:c1,3,2,191,10302
1784202812.6241179,1e:de:87:fc:f1:c1,2e:6a:d8:c7:e8:5e,2,3,192,10344
1784203429.6558704,ce:48:47:c6:e0:48,ca:54:1c:90:43:dd,2,1,1,42
1784203429.6792192,ca:54:1c:90:43:dd,ce:48:47:c6:e0:48,1,2,1,42
1784203429.6838906,ce:48:47:c6:e0:48,ca:54:1c:90:43:dd,2,1,2,84
1784203431.6650932,ca:54:1c:90:43:dd,ce:48:47:c6:e0:48,1,2,2,96
1784203431.6670842,ce:48:47:c6:e0:48,ca:54:1c:90:43:dd,2,1,3,138
1784203434.7221878,ce:48:47:c6:e0:48,ca:54:1c:90:43:dd,2,1,4,180
1784203434.7233906,ca:54:1c:90:43:dd,ce:48:47:c6:e0:48,1,2,3,138
1784203437.1046324,ca:54:1c:90:43:dd,ce:48:47:c6:e0:48,1,2,4,192
1784203437.1070457,ce:48:47:c6:e0:48,ca:54:1c:90:43:dd,2,1,5,234
1784203439.1235867,ca:54:1c:90:43:dd,ce:48:47:c6:e0:48,1,2,5,246
1784203439.124806,ce:48:47:c6:e0:48,ca:54:1c:90:43:dd,2,1,6,288
1784203447.2472198,ca:54:1c:90:43:dd,ce:48:47:c6:e0:48,1,2,6,300
1784203447.2484422,ce:48:47:c6:e0:48,ca:54:1c:90:43:dd,2,1,7,342
1784203450.2450268,ca:54:1c:90:43:dd,ce:48:47:c6:e0:48,1,2,7,354
1784203450.2472515,ce:48:47:c6:e0:48,ca:54:1c:90:43:dd,2,1,8,396
1784203454.5512474,ca:54:1c:90:43:dd,ce:48:47:c6:e0:48,1,2,8,408
1784203454.5526848,ce:48:47:c6:e0:48,ca:54:1c:90:43:dd,2,1,9,450
1784203465.0448673,ca:54:1c:90:43:dd,ce:48:47:c6:e0:48,1,2,9,450
1784203465.0460281,ce:48:47:c6:e0:48,ca:54:1c:90:43:dd,2,1,10,492
1784203467.3645644,ce:48:47:c6:e0:48,ca:54:1c:90:43:dd,2,1,11,534
1784203467.3675206,ca:54:1c:90:43:dd,ce:48:47:c6:e0:48,1,2,10,492
1784203478.1785357,ca:54:1c:90:43:dd,ce:48:47:c6:e0:48,1,2,11,546
1784203478.180609,ce:48:47:c6:e0:48,ca:54:1c:90:43:dd,2,1,12,588
1784203483.224221,ca:54:1c:90:43:dd,ce:48:47:c6:e0:48,1,2,12,600
1784203483.2255263,ce:48:47:c6:e0:48,ca:54:1c:90:43:dd,2,1,13,642
1784203489.8080692,ca:54:1c:90:43:dd,ce:48:47:c6:e0:48,1,2,13,654
1784203489.8095078,ce:48:47:c6:e0:48,ca:54:1c:90:43:dd,2,1,14,696
1784203498.5831044,ca:54:1c:90:43:dd,ce:48:47:c6:e0:48,1,2,14,696
1784203498.5841255,ce:48:47:c6:e0:48,ca:54:1c:90:43:dd,2,1,15,738
1784203499.229584,ce:48:47:c6:e0:48,ca:54:1c:90:43:dd,2,1,16,780
1784203499.2307851,ca:54:1c:90:43:dd,ce:48:47:c6:e0:48,1,2,15,738
1784203519.1108105,ca:54:1c:90:43:dd,ce:48:47:c6:e0:48,1,2,16,792
1784203519.1118202,ce:48:47:c6:e0:48,ca:54:1c:90:43:dd,2,1,17,834
